name,cpu,mem,size
Agora/Effects/Treasury Withdrawal Effect/effect/Simple,395212858,1021782,4379
Agora/Effects/Treasury Withdrawal Effect/effect/Simple with multiple treasuries ,569763954,1435806,4811
Agora/Effects/Treasury Withdrawal Effect/effect/Mixed Assets,565354560,1442811,4749
Agora/Effects/Governor Mutation Effect/validator/valid new governor datum/governor validator should pass,124963454,341885,10058
Agora/Effects/Governor Mutation Effect/validator/valid new governor datum/effect validator should pass,171725573,451393,4885
Agora/Stake/policy/stakeCreation,56178945,162035,3199
Agora/Stake/validator/stakeDepositWithdraw deposit,177106262,481354,6222
Agora/Stake/validator/stakeDepositWithdraw withdraw,177106262,481354,6210
Agora/Stake/validator/set delegate/override existing delegate,121372846,332535,6253
Agora/Stake/validator/set delegate/remove existing delegate,113937150,314373,6183
Agora/Stake/validator/set delegate/set delegate to something,118943858,325435,6183
Agora/Proposal/policy (proposal creation)/legal/proposal,34052826,101718,2034
Agora/Proposal/policy (proposal creation)/legal/governor,360104051,920793,10511
Agora/Proposal/policy (proposal creation)/legal/stake,149752091,393596,6893
Agora/Proposal/policy (proposal creation)/illegal/invalid next proposal id/proposal,34052826,101718,2034
Agora/Proposal/policy (proposal creation)/illegal/invalid next proposal id/stake,149752091,393596,6893
Agora/Proposal/policy (proposal creation)/illegal/use other's stake/proposal,34052826,101718,2003
Agora/Proposal/policy (proposal creation)/illegal/use other's stake/governor,360104051,920793,10480
Agora/Proposal/policy (proposal creation)/illegal/altered stake/proposal,34052826,101718,2034
Agora/Proposal/policy (proposal creation)/illegal/invalid stake locks/proposal,34052826,101718,2042
Agora/Proposal/policy (proposal creation)/illegal/invalid stake locks/stake,155185751,408246,6901
Agora/Proposal/policy (proposal creation)/illegal/has reached maximum proposals limit/proposal,34052826,101718,2054
Agora/Proposal/policy (proposal creation)/illegal/has reached maximum proposals limit/stake,162450527,429812,6923
Agora/Proposal/policy (proposal creation)/illegal/loose time range/proposal,34052826,101718,2034
Agora/Proposal/policy (proposal creation)/illegal/loose time range/stake,149752091,393596,6893
Agora/Proposal/policy (proposal creation)/illegal/open time range/proposal,34052826,101718,2030
Agora/Proposal/policy (proposal creation)/illegal/open time range/stake,149752091,393596,6889
Agora/Proposal/policy (proposal creation)/illegal/invalid proposal status/VotingReady/proposal,34052826,101718,2034
Agora/Proposal/policy (proposal creation)/illegal/invalid proposal status/VotingReady/stake,149752091,393596,6893
Agora/Proposal/policy (proposal creation)/illegal/invalid proposal status/Locked/proposal,34052826,101718,2034
Agora/Proposal/policy (proposal creation)/illegal/invalid proposal status/Locked/stake,149752091,393596,6893
Agora/Proposal/policy (proposal creation)/illegal/invalid proposal status/Finished/proposal,34052826,101718,2034
Agora/Proposal/policy (proposal creation)/illegal/invalid proposal status/Finished/stake,149752091,393596,6893
Agora/Proposal/validator/cosignature/legal/with 1 cosigners: proposal,205526396,580451,10452
Agora/Proposal/validator/cosignature/legal/with 5 cosigners: proposal,511182781,1443518,11817
Agora/Proposal/validator/cosignature/legal/with 10 cosigners: proposal,1007323301,2810951,13524
Agora/Proposal/validator/voting/legal/ordinary/proposal,263583692,713698,10810
Agora/Proposal/validator/voting/legal/ordinary/stake,161146408,428644,6728
Agora/Proposal/validator/voting/legal/delegate/proposal,268441668,727898,10880
Agora/Proposal/validator/voting/legal/delegate/stake,172492573,458367,6833
Agora/Proposal/validator/advancing/with 1 cosigners and 1 effects/legal/to next state/from Draft to VotingReady/proposal,243575250,681367,11261
Agora/Proposal/validator/advancing/with 1 cosigners and 1 effects/legal/to next state/from VotingReady to Locked/proposal,220653472,611119,11024
Agora/Proposal/validator/advancing/with 1 cosigners and 1 effects/legal/to next state/from Locked to Finished/proposal,233191385,632893,12283
Agora/Proposal/validator/advancing/with 1 cosigners and 1 effects/legal/to next state/from Locked to Finished/governor,530814092,1322682,11518
Agora/Proposal/validator/advancing/with 1 cosigners and 1 effects/legal/to next state/from Locked to Finished/authority,15755485,47872,3277
Agora/Proposal/validator/advancing/with 1 cosigners and 1 effects/legal/to next state/from Draft to VotingReady/proposal,239763960,669139,10982
Agora/Proposal/validator/advancing/with 1 cosigners and 1 effects/legal/to next state/from VotingReady to Locked/proposal,216842182,598891,10745
Agora/Proposal/validator/advancing/with 1 cosigners and 1 effects/legal/to next state/from Locked to Finished/proposal,229380095,620665,11825
Agora/Proposal/validator/advancing/with 1 cosigners and 1 effects/legal/to next state/from Locked to Finished/governor,525507698,1307252,11153
Agora/Proposal/validator/advancing/with 1 cosigners and 1 effects/legal/to next state/from Locked to Finished/authority,78441861,206056,2912
Agora/Proposal/validator/advancing/with 1 cosigners and 1 effects/legal/to failed state/from Draft to Finished/proposal,210258414,585181,11017
Agora/Proposal/validator/advancing/with 1 cosigners and 1 effects/legal/to failed state/from VotingReady to Finished/proposal,208848874,577086,11018
Agora/Proposal/validator/advancing/with 1 cosigners and 1 effects/legal/to failed state/from Locked to Finished/proposal,220885819,605792,11018
Agora/Proposal/validator/advancing/with 1 cosigners and 1 effects/legal/to failed state/from Draft to Finished/proposal,206447124,572953,10738
Agora/Proposal/validator/advancing/with 1 cosigners and 1 effects/legal/to failed state/from VotingReady to Finished/proposal,205037584,564858,10739
Agora/Proposal/validator/advancing/with 1 cosigners and 1 effects/legal/to failed state/from Locked to Finished/proposal,217074529,593564,10739
Agora/Proposal/validator/advancing/with 1 cosigners and 1 effects/illegal/advance finished proposals/(negative test)/authority,15755485,47872,3277
Agora/Proposal/validator/advancing/with 1 cosigners and 1 effects/illegal/advance finished proposals/(negative test)/authority,78441861,206056,2912
Agora/Proposal/validator/advancing/with 1 cosigners and 1 effects/illegal/to next state too late/from Locked/governor,530814092,1322682,11518
Agora/Proposal/validator/advancing/with 1 cosigners and 1 effects/illegal/to next state too late/from Locked/authority,15755485,47872,3277
Agora/Proposal/validator/advancing/with 1 cosigners and 1 effects/illegal/to next state too late/from Locked/governor,525507698,1307252,11153
Agora/Proposal/validator/advancing/with 1 cosigners and 1 effects/illegal/to next state too late/from Locked/authority,78441861,206056,2912
Agora/Proposal/validator/advancing/with 1 cosigners and 1 effects/illegal/forget to mint GATs/proposal,229380095,620665,11183
Agora/Proposal/validator/advancing/with 1 cosigners and 1 effects/illegal/mint GATs for wrong validators/proposal,229380095,620665,11825
Agora/Proposal/validator/advancing/with 1 cosigners and 1 effects/illegal/mint GATs for wrong validators/authority,78441861,206056,2912
Agora/Proposal/validator/advancing/with 1 cosigners and 1 effects/illegal/mint GATs with bad token name/proposal,229380095,620665,11857
Agora/Proposal/validator/advancing/with 1 cosigners and 1 effects/illegal/mint GATs with bad token name/authority,12079326,37748,2944
Agora/Proposal/validator/advancing/with 1 cosigners and 1 effects/illegal/wrong GAT datum/proposal,229380095,620665,11819
Agora/Proposal/validator/advancing/with 1 cosigners and 1 effects/illegal/wrong GAT datum/authority,78441861,206056,2906
Agora/Proposal/validator/advancing/with 1 cosigners and 1 effects/illegal/invalid governor output datum/proposal,229380095,620665,11825
Agora/Proposal/validator/advancing/with 1 cosigners and 1 effects/illegal/invalid governor output datum/authority,78441861,206056,2912
Agora/Proposal/validator/advancing/with 1 cosigners and 2 effects/legal/to next state/from Draft to VotingReady/proposal,317799970,885669,12177
Agora/Proposal/validator/advancing/with 1 cosigners and 2 effects/legal/to next state/from VotingReady to Locked/proposal,298573078,825409,11940
Agora/Proposal/validator/advancing/with 1 cosigners and 2 effects/legal/to next state/from Locked to Finished/proposal,307416105,837195,13199
Agora/Proposal/validator/advancing/with 1 cosigners and 2 effects/legal/to next state/from Locked to Finished/governor,572549320,1439914,12129
Agora/Proposal/validator/advancing/with 1 cosigners and 2 effects/legal/to next state/from Locked to Finished/authority,15755485,47872,3888
Agora/Proposal/validator/advancing/with 1 cosigners and 2 effects/legal/to next state/from Draft to VotingReady/proposal,310177390,861213,11616
Agora/Proposal/validator/advancing/with 1 cosigners and 2 effects/legal/to next state/from VotingReady to Locked/proposal,290950498,800953,11379
Agora/Proposal/validator/advancing/with 1 cosigners and 2 effects/legal/to next state/from Locked to Finished/proposal,299793525,812739,12460
Agora/Proposal/validator/advancing/with 1 cosigners and 2 effects/legal/to next state/from Locked to Finished/governor,565488313,1418370,11577
Agora/Proposal/validator/advancing/with 1 cosigners and 2 effects/legal/to next state/from Locked to Finished/authority,78441861,206056,3336
Agora/Proposal/validator/advancing/with 1 cosigners and 2 effects/legal/to failed state/from Draft to Finished/proposal,284483134,789483,11933
Agora/Proposal/validator/advancing/with 1 cosigners and 2 effects/legal/to failed state/from VotingReady to Finished/proposal,283073594,781388,11934
Agora/Proposal/validator/advancing/with 1 cosigners and 2 effects/legal/to failed state/from Locked to Finished/proposal,295110539,810094,11934
Agora/Proposal/validator/advancing/with 1 cosigners and 2 effects/legal/to failed state/from Draft to Finished/proposal,276860554,765027,11372
Agora/Proposal/validator/advancing/with 1 cosigners and 2 effects/legal/to failed state/from VotingReady to Finished/proposal,275451014,756932,11373
Agora/Proposal/validator/advancing/with 1 cosigners and 2 effects/legal/to failed state/from Locked to Finished/proposal,287487959,785638,11373
Agora/Proposal/validator/advancing/with 1 cosigners and 2 effects/illegal/advance finished proposals/(negative test)/authority,15755485,47872,3888
Agora/Proposal/validator/advancing/with 1 cosigners and 2 effects/illegal/advance finished proposals/(negative test)/authority,78441861,206056,3336
Agora/Proposal/validator/advancing/with 1 cosigners and 2 effects/illegal/to next state too late/from Locked/governor,572549320,1439914,12129
Agora/Proposal/validator/advancing/with 1 cosigners and 2 effects/illegal/to next state too late/from Locked/authority,15755485,47872,3888
Agora/Proposal/validator/advancing/with 1 cosigners and 2 effects/illegal/to next state too late/from Locked/governor,565488313,1418370,11577
Agora/Proposal/validator/advancing/with 1 cosigners and 2 effects/illegal/to next state too late/from Locked/authority,78441861,206056,3336
Agora/Proposal/validator/advancing/with 1 cosigners and 2 effects/illegal/forget to mint GATs/proposal,299793525,812739,11818
Agora/Proposal/validator/advancing/with 1 cosigners and 2 effects/illegal/mint GATs for wrong validators/proposal,299793525,812739,12460
Agora/Proposal/validator/advancing/with 1 cosigners and 2 effects/illegal/mint GATs for wrong validators/authority,78441861,206056,3336
Agora/Proposal/validator/advancing/with 1 cosigners and 2 effects/illegal/mint GATs with bad token name/proposal,299793525,812739,12492
Agora/Proposal/validator/advancing/with 1 cosigners and 2 effects/illegal/mint GATs with bad token name/authority,12079326,37748,3368
Agora/Proposal/validator/advancing/with 1 cosigners and 2 effects/illegal/wrong GAT datum/proposal,299793525,812739,12454
Agora/Proposal/validator/advancing/with 1 cosigners and 2 effects/illegal/wrong GAT datum/authority,78441861,206056,3330
Agora/Proposal/validator/advancing/with 1 cosigners and 2 effects/illegal/invalid governor output datum/proposal,299793525,812739,12460
Agora/Proposal/validator/advancing/with 1 cosigners and 2 effects/illegal/invalid governor output datum/authority,78441861,206056,3336
Agora/Proposal/validator/advancing/with 1 cosigners and 5 effects/legal/to next state/from Draft to VotingReady/proposal,540474130,1498575,14924
Agora/Proposal/validator/advancing/with 1 cosigners and 5 effects/legal/to next state/from VotingReady to Locked/proposal,532331896,1468279,14687
Agora/Proposal/validator/advancing/with 1 cosigners and 5 effects/legal/to next state/from Locked to Finished/proposal,530090265,1450101,15946
Agora/Proposal/validator/advancing/with 1 cosigners and 5 effects/legal/to next state/from Locked to Finished/governor,697755004,1791610,13960
Agora/Proposal/validator/advancing/with 1 cosigners and 5 effects/legal/to next state/from Locked to Finished/authority,15755485,47872,5719
Agora/Proposal/validator/advancing/with 1 cosigners and 5 effects/legal/to next state/from Draft to VotingReady/proposal,521417680,1437435,13523
Agora/Proposal/validator/advancing/with 1 cosigners and 5 effects/legal/to next state/from VotingReady to Locked/proposal,513275446,1407139,13286
Agora/Proposal/validator/advancing/with 1 cosigners and 5 effects/legal/to next state/from Locked to Finished/proposal,511033815,1388961,14367
Agora/Proposal/validator/advancing/with 1 cosigners and 5 effects/legal/to next state/from Locked to Finished/governor,685430158,1751724,12848
Agora/Proposal/validator/advancing/with 1 cosigners and 5 effects/legal/to next state/from Locked to Finished/authority,78441861,206056,4606
Agora/Proposal/validator/advancing/with 1 cosigners and 5 effects/legal/to failed state/from Draft to Finished/proposal,507157294,1402389,14680
Agora/Proposal/validator/advancing/with 1 cosigners and 5 effects/legal/to failed state/from VotingReady to Finished/proposal,505747754,1394294,14681
Agora/Proposal/validator/advancing/with 1 cosigners and 5 effects/legal/to failed state/from Locked to Finished/proposal,517784699,1423000,14681
Agora/Proposal/validator/advancing/with 1 cosigners and 5 effects/legal/to failed state/from Draft to Finished/proposal,488100844,1341249,13279
Agora/Proposal/validator/advancing/with 1 cosigners and 5 effects/legal/to failed state/from VotingReady to Finished/proposal,486691304,1333154,13280
Agora/Proposal/validator/advancing/with 1 cosigners and 5 effects/legal/to failed state/from Locked to Finished/proposal,498728249,1361860,13280
Agora/Proposal/validator/advancing/with 1 cosigners and 5 effects/illegal/advance finished proposals/(negative test)/authority,15755485,47872,5719
Agora/Proposal/validator/advancing/with 1 cosigners and 5 effects/illegal/advance finished proposals/(negative test)/authority,78441861,206056,4606
Agora/Proposal/validator/advancing/with 1 cosigners and 5 effects/illegal/to next state too late/from Locked/governor,697755004,1791610,13960
Agora/Proposal/validator/advancing/with 1 cosigners and 5 effects/illegal/to next state too late/from Locked/authority,15755485,47872,5719
Agora/Proposal/validator/advancing/with 1 cosigners and 5 effects/illegal/to next state too late/from Locked/governor,685430158,1751724,12848
Agora/Proposal/validator/advancing/with 1 cosigners and 5 effects/illegal/to next state too late/from Locked/authority,78441861,206056,4606
Agora/Proposal/validator/advancing/with 1 cosigners and 5 effects/illegal/forget to mint GATs/proposal,511033815,1388961,13725
Agora/Proposal/validator/advancing/with 1 cosigners and 5 effects/illegal/mint GATs for wrong validators/proposal,511033815,1388961,14367
Agora/Proposal/validator/advancing/with 1 cosigners and 5 effects/illegal/mint GATs for wrong validators/authority,78441861,206056,4606
Agora/Proposal/validator/advancing/with 1 cosigners and 5 effects/illegal/mint GATs with bad token name/proposal,511033815,1388961,14399
Agora/Proposal/validator/advancing/with 1 cosigners and 5 effects/illegal/mint GATs with bad token name/authority,12079326,37748,4639
Agora/Proposal/validator/advancing/with 1 cosigners and 5 effects/illegal/wrong GAT datum/proposal,511033815,1388961,14361
Agora/Proposal/validator/advancing/with 1 cosigners and 5 effects/illegal/wrong GAT datum/authority,78441861,206056,4600
Agora/Proposal/validator/advancing/with 1 cosigners and 5 effects/illegal/invalid governor output datum/proposal,511033815,1388961,14367
Agora/Proposal/validator/advancing/with 1 cosigners and 5 effects/illegal/invalid governor output datum/authority,78441861,206056,4606
Agora/Proposal/validator/advancing/with 5 cosigners and 1 effects/legal/to next state/from Draft to VotingReady/proposal,463453063,1346154,12762
Agora/Proposal/validator/advancing/with 5 cosigners and 1 effects/legal/to next state/from VotingReady to Locked/proposal,251004192,694847,11434
Agora/Proposal/validator/advancing/with 5 cosigners and 1 effects/legal/to next state/from Locked to Finished/proposal,263542105,716621,12693
Agora/Proposal/validator/advancing/with 5 cosigners and 1 effects/legal/to next state/from Locked to Finished/governor,545687388,1364546,11791
Agora/Proposal/validator/advancing/with 5 cosigners and 1 effects/legal/to next state/from Locked to Finished/authority,15755485,47872,3550
Agora/Proposal/validator/advancing/with 5 cosigners and 1 effects/legal/to next state/from Draft to VotingReady/proposal,459641773,1333926,12481
Agora/Proposal/validator/advancing/with 5 cosigners and 1 effects/legal/to next state/from VotingReady to Locked/proposal,247192902,682619,11154
Agora/Proposal/validator/advancing/with 5 cosigners and 1 effects/legal/to next state/from Locked to Finished/proposal,259730815,704393,12234
Agora/Proposal/validator/advancing/with 5 cosigners and 1 effects/legal/to next state/from Locked to Finished/governor,540380994,1349116,11426
Agora/Proposal/validator/advancing/with 5 cosigners and 1 effects/legal/to next state/from Locked to Finished/authority,78441861,206056,3185
Agora/Proposal/validator/advancing/with 5 cosigners and 1 effects/legal/to failed state/from Draft to Finished/proposal,240609134,668909,11427
Agora/Proposal/validator/advancing/with 5 cosigners and 1 effects/legal/to failed state/from VotingReady to Finished/proposal,239199594,660814,11428
Agora/Proposal/validator/advancing/with 5 cosigners and 1 effects/legal/to failed state/from Locked to Finished/proposal,251236539,689520,11428
Agora/Proposal/validator/advancing/with 5 cosigners and 1 effects/legal/to failed state/from Draft to Finished/proposal,236797844,656681,11147
Agora/Proposal/validator/advancing/with 5 cosigners and 1 effects/legal/to failed state/from VotingReady to Finished/proposal,235388304,648586,11148
Agora/Proposal/validator/advancing/with 5 cosigners and 1 effects/legal/to failed state/from Locked to Finished/proposal,247425249,677292,11148
Agora/Proposal/validator/advancing/with 5 cosigners and 1 effects/illegal/advance finished proposals/(negative test)/authority,15755485,47872,3550
Agora/Proposal/validator/advancing/with 5 cosigners and 1 effects/illegal/advance finished proposals/(negative test)/authority,78441861,206056,3185
Agora/Proposal/validator/advancing/with 5 cosigners and 1 effects/illegal/to next state too late/from Locked/governor,545687388,1364546,11791
Agora/Proposal/validator/advancing/with 5 cosigners and 1 effects/illegal/to next state too late/from Locked/authority,15755485,47872,3550
Agora/Proposal/validator/advancing/with 5 cosigners and 1 effects/illegal/to next state too late/from Locked/governor,540380994,1349116,11426
Agora/Proposal/validator/advancing/with 5 cosigners and 1 effects/illegal/to next state too late/from Locked/authority,78441861,206056,3185
Agora/Proposal/validator/advancing/with 5 cosigners and 1 effects/illegal/forget to mint GATs/proposal,259730815,704393,11592
Agora/Proposal/validator/advancing/with 5 cosigners and 1 effects/illegal/mint GATs for wrong validators/proposal,259730815,704393,12234
Agora/Proposal/validator/advancing/with 5 cosigners and 1 effects/illegal/mint GATs for wrong validators/authority,78441861,206056,3185
Agora/Proposal/validator/advancing/with 5 cosigners and 1 effects/illegal/mint GATs with bad token name/proposal,259730815,704393,12266
Agora/Proposal/validator/advancing/with 5 cosigners and 1 effects/illegal/mint GATs with bad token name/authority,12079326,37748,3217
Agora/Proposal/validator/advancing/with 5 cosigners and 1 effects/illegal/wrong GAT datum/proposal,259730815,704393,12228
Agora/Proposal/validator/advancing/with 5 cosigners and 1 effects/illegal/wrong GAT datum/authority,78441861,206056,3179
Agora/Proposal/validator/advancing/with 5 cosigners and 1 effects/illegal/invalid governor output datum/proposal,259730815,704393,12234
Agora/Proposal/validator/advancing/with 5 cosigners and 1 effects/illegal/invalid governor output datum/authority,78441861,206056,3185
Agora/Proposal/validator/advancing/with 5 cosigners and 2 effects/legal/to next state/from Draft to VotingReady/proposal,537677783,1550456,13677
Agora/Proposal/validator/advancing/with 5 cosigners and 2 effects/legal/to next state/from VotingReady to Locked/proposal,328923798,909137,12350
Agora/Proposal/validator/advancing/with 5 cosigners and 2 effects/legal/to next state/from Locked to Finished/proposal,337766825,920923,13609
Agora/Proposal/validator/advancing/with 5 cosigners and 2 effects/legal/to next state/from Locked to Finished/governor,587422616,1481778,12402
Agora/Proposal/validator/advancing/with 5 cosigners and 2 effects/legal/to next state/from Locked to Finished/authority,15755485,47872,4161
Agora/Proposal/validator/advancing/with 5 cosigners and 2 effects/legal/to next state/from Draft to VotingReady/proposal,530055203,1526000,13117
Agora/Proposal/validator/advancing/with 5 cosigners and 2 effects/legal/to next state/from VotingReady to Locked/proposal,321301218,884681,11789
Agora/Proposal/validator/advancing/with 5 cosigners and 2 effects/legal/to next state/from Locked to Finished/proposal,330144245,896467,12870
Agora/Proposal/validator/advancing/with 5 cosigners and 2 effects/legal/to next state/from Locked to Finished/governor,580361609,1460234,11850
Agora/Proposal/validator/advancing/with 5 cosigners and 2 effects/legal/to next state/from Locked to Finished/authority,78441861,206056,3609
Agora/Proposal/validator/advancing/with 5 cosigners and 2 effects/legal/to failed state/from Draft to Finished/proposal,314833854,873211,12343
Agora/Proposal/validator/advancing/with 5 cosigners and 2 effects/legal/to failed state/from VotingReady to Finished/proposal,313424314,865116,12344
Agora/Proposal/validator/advancing/with 5 cosigners and 2 effects/legal/to failed state/from Locked to Finished/proposal,325461259,893822,12344
Agora/Proposal/validator/advancing/with 5 cosigners and 2 effects/legal/to failed state/from Draft to Finished/proposal,307211274,848755,11782
Agora/Proposal/validator/advancing/with 5 cosigners and 2 effects/legal/to failed state/from VotingReady to Finished/proposal,305801734,840660,11783
Agora/Proposal/validator/advancing/with 5 cosigners and 2 effects/legal/to failed state/from Locked to Finished/proposal,317838679,869366,11783
Agora/Proposal/validator/advancing/with 5 cosigners and 2 effects/illegal/advance finished proposals/(negative test)/authority,15755485,47872,4161
Agora/Proposal/validator/advancing/with 5 cosigners and 2 effects/illegal/advance finished proposals/(negative test)/authority,78441861,206056,3609
Agora/Proposal/validator/advancing/with 5 cosigners and 2 effects/illegal/to next state too late/from Locked/governor,587422616,1481778,12402
Agora/Proposal/validator/advancing/with 5 cosigners and 2 effects/illegal/to next state too late/from Locked/authority,15755485,47872,4161
Agora/Proposal/validator/advancing/with 5 cosigners and 2 effects/illegal/to next state too late/from Locked/governor,580361609,1460234,11850
Agora/Proposal/validator/advancing/with 5 cosigners and 2 effects/illegal/to next state too late/from Locked/authority,78441861,206056,3609
Agora/Proposal/validator/advancing/with 5 cosigners and 2 effects/illegal/forget to mint GATs/proposal,330144245,896467,12228
Agora/Proposal/validator/advancing/with 5 cosigners and 2 effects/illegal/mint GATs for wrong validators/proposal,330144245,896467,12870
Agora/Proposal/validator/advancing/with 5 cosigners and 2 effects/illegal/mint GATs for wrong validators/authority,78441861,206056,3609
Agora/Proposal/validator/advancing/with 5 cosigners and 2 effects/illegal/mint GATs with bad token name/proposal,330144245,896467,12902
Agora/Proposal/validator/advancing/with 5 cosigners and 2 effects/illegal/mint GATs with bad token name/authority,12079326,37748,3641
Agora/Proposal/validator/advancing/with 5 cosigners and 2 effects/illegal/wrong GAT datum/proposal,330144245,896467,12864
Agora/Proposal/validator/advancing/with 5 cosigners and 2 effects/illegal/wrong GAT datum/authority,78441861,206056,3603
Agora/Proposal/validator/advancing/with 5 cosigners and 2 effects/illegal/invalid governor output datum/proposal,330144245,896467,12870
Agora/Proposal/validator/advancing/with 5 cosigners and 2 effects/illegal/invalid governor output datum/authority,78441861,206056,3609
Agora/Proposal/validator/advancing/with 5 cosigners and 5 effects/legal/to next state/from Draft to VotingReady/proposal,760351943,2163362,16423
Agora/Proposal/validator/advancing/with 5 cosigners and 5 effects/legal/to next state/from VotingReady to Locked/proposal,562682616,1552007,15096
Agora/Proposal/validator/advancing/with 5 cosigners and 5 effects/legal/to next state/from Locked to Finished/proposal,560440985,1533829,16355
Agora/Proposal/validator/advancing/with 5 cosigners and 5 effects/legal/to next state/from Locked to Finished/governor,712628300,1833474,14233
Agora/Proposal/validator/advancing/with 5 cosigners and 5 effects/legal/to next state/from Locked to Finished/authority,15755485,47872,5992
Agora/Proposal/validator/advancing/with 5 cosigners and 5 effects/legal/to next state/from Draft to VotingReady/proposal,741295493,2102222,15023
Agora/Proposal/validator/advancing/with 5 cosigners and 5 effects/legal/to next state/from VotingReady to Locked/proposal,543626166,1490867,13695
Agora/Proposal/validator/advancing/with 5 cosigners and 5 effects/legal/to next state/from Locked to Finished/proposal,541384535,1472689,14776
Agora/Proposal/validator/advancing/with 5 cosigners and 5 effects/legal/to next state/from Locked to Finished/governor,700303454,1793588,13121
Agora/Proposal/validator/advancing/with 5 cosigners and 5 effects/legal/to next state/from Locked to Finished/authority,78441861,206056,4880
Agora/Proposal/validator/advancing/with 5 cosigners and 5 effects/legal/to failed state/from Draft to Finished/proposal,537508014,1486117,15089
Agora/Proposal/validator/advancing/with 5 cosigners and 5 effects/legal/to failed state/from VotingReady to Finished/proposal,536098474,1478022,15090
Agora/Proposal/validator/advancing/with 5 cosigners and 5 effects/legal/to failed state/from Locked to Finished/proposal,548135419,1506728,15090
Agora/Proposal/validator/advancing/with 5 cosigners and 5 effects/legal/to failed state/from Draft to Finished/proposal,518451564,1424977,13688
Agora/Proposal/validator/advancing/with 5 cosigners and 5 effects/legal/to failed state/from VotingReady to Finished/proposal,517042024,1416882,13689
Agora/Proposal/validator/advancing/with 5 cosigners and 5 effects/legal/to failed state/from Locked to Finished/proposal,529078969,1445588,13689
Agora/Proposal/validator/advancing/with 5 cosigners and 5 effects/illegal/advance finished proposals/(negative test)/authority,15755485,47872,5992
Agora/Proposal/validator/advancing/with 5 cosigners and 5 effects/illegal/advance finished proposals/(negative test)/authority,78441861,206056,4880
Agora/Proposal/validator/advancing/with 5 cosigners and 5 effects/illegal/to next state too late/from Locked/governor,712628300,1833474,14233
Agora/Proposal/validator/advancing/with 5 cosigners and 5 effects/illegal/to next state too late/from Locked/authority,15755485,47872,5992
Agora/Proposal/validator/advancing/with 5 cosigners and 5 effects/illegal/to next state too late/from Locked/governor,700303454,1793588,13121
Agora/Proposal/validator/advancing/with 5 cosigners and 5 effects/illegal/to next state too late/from Locked/authority,78441861,206056,4880
Agora/Proposal/validator/advancing/with 5 cosigners and 5 effects/illegal/forget to mint GATs/proposal,541384535,1472689,14134
Agora/Proposal/validator/advancing/with 5 cosigners and 5 effects/illegal/mint GATs for wrong validators/proposal,541384535,1472689,14776
Agora/Proposal/validator/advancing/with 5 cosigners and 5 effects/illegal/mint GATs for wrong validators/authority,78441861,206056,4880
Agora/Proposal/validator/advancing/with 5 cosigners and 5 effects/illegal/mint GATs with bad token name/proposal,541384535,1472689,14808
Agora/Proposal/validator/advancing/with 5 cosigners and 5 effects/illegal/mint GATs with bad token name/authority,12079326,37748,4912
Agora/Proposal/validator/advancing/with 5 cosigners and 5 effects/illegal/wrong GAT datum/proposal,541384535,1472689,14770
Agora/Proposal/validator/advancing/with 5 cosigners and 5 effects/illegal/wrong GAT datum/authority,78441861,206056,4874
Agora/Proposal/validator/advancing/with 5 cosigners and 5 effects/illegal/invalid governor output datum/proposal,541384535,1472689,14776
Agora/Proposal/validator/advancing/with 5 cosigners and 5 effects/illegal/invalid governor output datum/authority,78441861,206056,4880
Agora/Proposal/validator/advancing/with 10 cosigners and 1 effects/legal/to next state/from Draft to VotingReady/proposal,753139176,2221107,14638
Agora/Proposal/validator/advancing/with 10 cosigners and 1 effects/legal/to next state/from VotingReady to Locked/proposal,288942592,799507,11946
Agora/Proposal/validator/advancing/with 10 cosigners and 1 effects/legal/to next state/from Locked to Finished/proposal,301480505,821281,13205
Agora/Proposal/validator/advancing/with 10 cosigners and 1 effects/legal/to next state/from Locked to Finished/governor,564279008,1416876,12133
Agora/Proposal/validator/advancing/with 10 cosigners and 1 effects/legal/to next state/from Locked to Finished/authority,15755485,47872,3892
Agora/Proposal/validator/advancing/with 10 cosigners and 1 effects/legal/to next state/from Draft to VotingReady/proposal,749327886,2208879,14359
Agora/Proposal/validator/advancing/with 10 cosigners and 1 effects/legal/to next state/from VotingReady to Locked/proposal,285131302,787279,11666
Agora/Proposal/validator/advancing/with 10 cosigners and 1 effects/legal/to next state/from Locked to Finished/proposal,297669215,809053,12746
Agora/Proposal/validator/advancing/with 10 cosigners and 1 effects/legal/to next state/from Locked to Finished/governor,558972614,1401446,11767
Agora/Proposal/validator/advancing/with 10 cosigners and 1 effects/legal/to next state/from Locked to Finished/authority,78441861,206056,3526
Agora/Proposal/validator/advancing/with 10 cosigners and 1 effects/legal/to failed state/from Draft to Finished/proposal,278547534,773569,11939
Agora/Proposal/validator/advancing/with 10 cosigners and 1 effects/legal/to failed state/from VotingReady to Finished/proposal,277137994,765474,11940
Agora/Proposal/validator/advancing/with 10 cosigners and 1 effects/legal/to failed state/from Locked to Finished/proposal,289174939,794180,11940
Agora/Proposal/validator/advancing/with 10 cosigners and 1 effects/legal/to failed state/from Draft to Finished/proposal,274736244,761341,11659
Agora/Proposal/validator/advancing/with 10 cosigners and 1 effects/legal/to failed state/from VotingReady to Finished/proposal,273326704,753246,11660
Agora/Proposal/validator/advancing/with 10 cosigners and 1 effects/legal/to failed state/from Locked to Finished/proposal,285363649,781952,11660
Agora/Proposal/validator/advancing/with 10 cosigners and 1 effects/illegal/advance finished proposals/(negative test)/authority,15755485,47872,3892
Agora/Proposal/validator/advancing/with 10 cosigners and 1 effects/illegal/advance finished proposals/(negative test)/authority,78441861,206056,3526
Agora/Proposal/validator/advancing/with 10 cosigners and 1 effects/illegal/to next state too late/from Locked/governor,564279008,1416876,12133
Agora/Proposal/validator/advancing/with 10 cosigners and 1 effects/illegal/to next state too late/from Locked/authority,15755485,47872,3892
Agora/Proposal/validator/advancing/with 10 cosigners and 1 effects/illegal/to next state too late/from Locked/governor,558972614,1401446,11767
Agora/Proposal/validator/advancing/with 10 cosigners and 1 effects/illegal/to next state too late/from Locked/authority,78441861,206056,3526
Agora/Proposal/validator/advancing/with 10 cosigners and 1 effects/illegal/forget to mint GATs/proposal,297669215,809053,12105
Agora/Proposal/validator/advancing/with 10 cosigners and 1 effects/illegal/mint GATs for wrong validators/proposal,297669215,809053,12746
Agora/Proposal/validator/advancing/with 10 cosigners and 1 effects/illegal/mint GATs for wrong validators/authority,78441861,206056,3526
Agora/Proposal/validator/advancing/with 10 cosigners and 1 effects/illegal/mint GATs with bad token name/proposal,297669215,809053,12778
Agora/Proposal/validator/advancing/with 10 cosigners and 1 effects/illegal/mint GATs with bad token name/authority,12079326,37748,3558
Agora/Proposal/validator/advancing/with 10 cosigners and 1 effects/illegal/wrong GAT datum/proposal,297669215,809053,12740
Agora/Proposal/validator/advancing/with 10 cosigners and 1 effects/illegal/wrong GAT datum/authority,78441861,206056,3520
Agora/Proposal/validator/advancing/with 10 cosigners and 1 effects/illegal/invalid governor output datum/proposal,297669215,809053,12746
Agora/Proposal/validator/advancing/with 10 cosigners and 1 effects/illegal/invalid governor output datum/authority,78441861,206056,3526
Agora/Proposal/validator/advancing/with 10 cosigners and 2 effects/legal/to next state/from Draft to VotingReady/proposal,827363896,2425409,15554
Agora/Proposal/validator/advancing/with 10 cosigners and 2 effects/legal/to next state/from VotingReady to Locked/proposal,366862198,1013797,12861
Agora/Proposal/validator/advancing/with 10 cosigners and 2 effects/legal/to next state/from Locked to Finished/proposal,375705225,1025583,14120
Agora/Proposal/validator/advancing/with 10 cosigners and 2 effects/legal/to next state/from Locked to Finished/governor,606014236,1534108,12743
Agora/Proposal/validator/advancing/with 10 cosigners and 2 effects/legal/to next state/from Locked to Finished/authority,15755485,47872,4502
Agora/Proposal/validator/advancing/with 10 cosigners and 2 effects/legal/to next state/from Draft to VotingReady/proposal,819741316,2400953,14994
Agora/Proposal/validator/advancing/with 10 cosigners and 2 effects/legal/to next state/from VotingReady to Locked/proposal,359239618,989341,12302
Agora/Proposal/validator/advancing/with 10 cosigners and 2 effects/legal/to next state/from Locked to Finished/proposal,368082645,1001127,13382
Agora/Proposal/validator/advancing/with 10 cosigners and 2 effects/legal/to next state/from Locked to Finished/governor,598953229,1512564,12191
Agora/Proposal/validator/advancing/with 10 cosigners and 2 effects/legal/to next state/from Locked to Finished/authority,78441861,206056,3950
Agora/Proposal/validator/advancing/with 10 cosigners and 2 effects/legal/to failed state/from Draft to Finished/proposal,352772254,977871,12854
Agora/Proposal/validator/advancing/with 10 cosigners and 2 effects/legal/to failed state/from VotingReady to Finished/proposal,351362714,969776,12855
Agora/Proposal/validator/advancing/with 10 cosigners and 2 effects/legal/to failed state/from Locked to Finished/proposal,363399659,998482,12855
Agora/Proposal/validator/advancing/with 10 cosigners and 2 effects/legal/to failed state/from Draft to Finished/proposal,345149674,953415,12295
Agora/Proposal/validator/advancing/with 10 cosigners and 2 effects/legal/to failed state/from VotingReady to Finished/proposal,343740134,945320,12296
Agora/Proposal/validator/advancing/with 10 cosigners and 2 effects/legal/to failed state/from Locked to Finished/proposal,355777079,974026,12296
Agora/Proposal/validator/advancing/with 10 cosigners and 2 effects/illegal/advance finished proposals/(negative test)/authority,15755485,47872,4502
Agora/Proposal/validator/advancing/with 10 cosigners and 2 effects/illegal/advance finished proposals/(negative test)/authority,78441861,206056,3950
Agora/Proposal/validator/advancing/with 10 cosigners and 2 effects/illegal/to next state too late/from Locked/governor,606014236,1534108,12743
Agora/Proposal/validator/advancing/with 10 cosigners and 2 effects/illegal/to next state too late/from Locked/authority,15755485,47872,4502
Agora/Proposal/validator/advancing/with 10 cosigners and 2 effects/illegal/to next state too late/from Locked/governor,598953229,1512564,12191
Agora/Proposal/validator/advancing/with 10 cosigners and 2 effects/illegal/to next state too late/from Locked/authority,78441861,206056,3950
Agora/Proposal/validator/advancing/with 10 cosigners and 2 effects/illegal/forget to mint GATs/proposal,368082645,1001127,12740
Agora/Proposal/validator/advancing/with 10 cosigners and 2 effects/illegal/mint GATs for wrong validators/proposal,368082645,1001127,13382
Agora/Proposal/validator/advancing/with 10 cosigners and 2 effects/illegal/mint GATs for wrong validators/authority,78441861,206056,3950
Agora/Proposal/validator/advancing/with 10 cosigners and 2 effects/illegal/mint GATs with bad token name/proposal,368082645,1001127,13414
Agora/Proposal/validator/advancing/with 10 cosigners and 2 effects/illegal/mint GATs with bad token name/authority,12079326,37748,3982
Agora/Proposal/validator/advancing/with 10 cosigners and 2 effects/illegal/wrong GAT datum/proposal,368082645,1001127,13376
Agora/Proposal/validator/advancing/with 10 cosigners and 2 effects/illegal/wrong GAT datum/authority,78441861,206056,3944
Agora/Proposal/validator/advancing/with 10 cosigners and 2 effects/illegal/invalid governor output datum/proposal,368082645,1001127,13382
Agora/Proposal/validator/advancing/with 10 cosigners and 2 effects/illegal/invalid governor output datum/authority,78441861,206056,3950
Agora/Proposal/validator/advancing/with 10 cosigners and 5 effects/legal/to next state/from Draft to VotingReady/proposal,1050038056,3038315,18301
Agora/Proposal/validator/advancing/with 10 cosigners and 5 effects/legal/to next state/from VotingReady to Locked/proposal,600621016,1656667,15608
Agora/Proposal/validator/advancing/with 10 cosigners and 5 effects/legal/to next state/from Locked to Finished/proposal,598379385,1638489,16867
Agora/Proposal/validator/advancing/with 10 cosigners and 5 effects/legal/to next state/from Locked to Finished/governor,731219920,1885804,14574
Agora/Proposal/validator/advancing/with 10 cosigners and 5 effects/legal/to next state/from Locked to Finished/authority,15755485,47872,6333
Agora/Proposal/validator/advancing/with 10 cosigners and 5 effects/legal/to next state/from Draft to VotingReady/proposal,1030981606,2977175,16900
Agora/Proposal/validator/advancing/with 10 cosigners and 5 effects/legal/to next state/from VotingReady to Locked/proposal,581564566,1595527,14208
Agora/Proposal/validator/advancing/with 10 cosigners and 5 effects/legal/to next state/from Locked to Finished/proposal,579322935,1577349,15288
Agora/Proposal/validator/advancing/with 10 cosigners and 5 effects/legal/to next state/from Locked to Finished/governor,718895074,1845918,13462
Agora/Proposal/validator/advancing/with 10 cosigners and 5 effects/legal/to next state/from Locked to Finished/authority,78441861,206056,5221
Agora/Proposal/validator/advancing/with 10 cosigners and 5 effects/legal/to failed state/from Draft to Finished/proposal,575446414,1590777,15601
Agora/Proposal/validator/advancing/with 10 cosigners and 5 effects/legal/to failed state/from VotingReady to Finished/proposal,574036874,1582682,15602
Agora/Proposal/validator/advancing/with 10 cosigners and 5 effects/legal/to failed state/from Locked to Finished/proposal,586073819,1611388,15602
Agora/Proposal/validator/advancing/with 10 cosigners and 5 effects/legal/to failed state/from Draft to Finished/proposal,556389964,1529637,14201
Agora/Proposal/validator/advancing/with 10 cosigners and 5 effects/legal/to failed state/from VotingReady to Finished/proposal,554980424,1521542,14202
Agora/Proposal/validator/advancing/with 10 cosigners and 5 effects/legal/to failed state/from Locked to Finished/proposal,567017369,1550248,14202
Agora/Proposal/validator/advancing/with 10 cosigners and 5 effects/illegal/advance finished proposals/(negative test)/authority,15755485,47872,6333
Agora/Proposal/validator/advancing/with 10 cosigners and 5 effects/illegal/advance finished proposals/(negative test)/authority,78441861,206056,5221
Agora/Proposal/validator/advancing/with 10 cosigners and 5 effects/illegal/to next state too late/from Locked/governor,731219920,1885804,14574
Agora/Proposal/validator/advancing/with 10 cosigners and 5 effects/illegal/to next state too late/from Locked/authority,15755485,47872,6333
Agora/Proposal/validator/advancing/with 10 cosigners and 5 effects/illegal/to next state too late/from Locked/governor,718895074,1845918,13462
Agora/Proposal/validator/advancing/with 10 cosigners and 5 effects/illegal/to next state too late/from Locked/authority,78441861,206056,5221
Agora/Proposal/validator/advancing/with 10 cosigners and 5 effects/illegal/forget to mint GATs/proposal,579322935,1577349,14646
Agora/Proposal/validator/advancing/with 10 cosigners and 5 effects/illegal/mint GATs for wrong validators/proposal,579322935,1577349,15288
Agora/Proposal/validator/advancing/with 10 cosigners and 5 effects/illegal/mint GATs for wrong validators/authority,78441861,206056,5221
Agora/Proposal/validator/advancing/with 10 cosigners and 5 effects/illegal/mint GATs with bad token name/proposal,579322935,1577349,15320
Agora/Proposal/validator/advancing/with 10 cosigners and 5 effects/illegal/mint GATs with bad token name/authority,12079326,37748,5253
Agora/Proposal/validator/advancing/with 10 cosigners and 5 effects/illegal/wrong GAT datum/proposal,579322935,1577349,15282
Agora/Proposal/validator/advancing/with 10 cosigners and 5 effects/illegal/wrong GAT datum/authority,78441861,206056,5215
Agora/Proposal/validator/advancing/with 10 cosigners and 5 effects/illegal/invalid governor output datum/proposal,579322935,1577349,15288
Agora/Proposal/validator/advancing/with 10 cosigners and 5 effects/illegal/invalid governor output datum/authority,78441861,206056,5221
Agora/Proposal/validator/unlocking/legal/with 1 proposals/voter: retract votes while voting/stake,145781968,384448,6706
Agora/Proposal/validator/unlocking/legal/with 1 proposals/voter: retract votes while voting/proposal,245286657,663569,10789
Agora/Proposal/validator/unlocking/legal/with 1 proposals/voter/creator: retract votes while voting/stake,152131186,402556,6722
Agora/Proposal/validator/unlocking/legal/with 1 proposals/voter/creator: retract votes while voting/proposal,262672955,713010,10800
Agora/Proposal/validator/unlocking/legal/with 1 proposals/creator: remove creator locks when finished/stake,144743691,381650,6704
Agora/Proposal/validator/unlocking/legal/with 1 proposals/creator: remove creator locks when finished/proposal,233659908,633537,10786
Agora/Proposal/validator/unlocking/legal/with 1 proposals/voter/creator: remove all locks when finished/stake,148899940,393502,6720
Agora/Proposal/validator/unlocking/legal/with 1 proposals/voter/creator: remove all locks when finished/proposal,241897377,658045,10798
Agora/Proposal/validator/unlocking/legal/with 1 proposals/voter: unlock after voting/Locked/stake,145781968,384448,6710
Agora/Proposal/validator/unlocking/legal/with 1 proposals/voter: unlock after voting/Locked/proposal,229587016,625312,10793
Agora/Proposal/validator/unlocking/legal/with 1 proposals/voter: unlock after voting/Finished/stake,145781968,384448,6710
Agora/Proposal/validator/unlocking/legal/with 1 proposals/voter: unlock after voting/Finished/proposal,230152505,626514,10793
Agora/Proposal/validator/unlocking/legal/with 1 proposals/voter/creator: remove vote locks when locked/stake,152131186,402556,6726
Agora/Proposal/validator/unlocking/legal/with 1 proposals/voter/creator: remove vote locks when locked/proposal,247538803,675955,10804
Agora/Proposal/validator/unlocking/legal/with 5 proposals/voter: retract votes while voting/stake,292486160,747404,9007
Agora/Proposal/validator/unlocking/legal/with 5 proposals/voter: retract votes while voting/proposal,374757877,960745,13066
Agora/Proposal/validator/unlocking/legal/with 5 proposals/voter/creator: retract votes while voting/stake,324232250,837944,9083
Agora/Proposal/validator/unlocking/legal/with 5 proposals/voter/creator: retract votes while voting/proposal,443747407,1161498,13117
Agora/Proposal/validator/unlocking/legal/with 5 proposals/creator: remove creator locks when finished/stake,287294775,733414,8997
Agora/Proposal/validator/unlocking/legal/with 5 proposals/creator: remove creator locks when finished/proposal,349154692,903801,13059
Agora/Proposal/validator/unlocking/legal/with 5 proposals/voter/creator: remove all locks when finished/stake,308076020,792674,9077
Agora/Proposal/validator/unlocking/legal/with 5 proposals/voter/creator: remove all locks when finished/proposal,387346885,1015157,13111
Agora/Proposal/validator/unlocking/legal/with 5 proposals/voter: unlock after voting/Locked/stake,292486160,747404,9027
Agora/Proposal/validator/unlocking/legal/with 5 proposals/voter: unlock after voting/Locked/proposal,349234908,906768,13086
Agora/Proposal/validator/unlocking/legal/with 5 proposals/voter: unlock after voting/Finished/stake,292486160,747404,9027
Agora/Proposal/validator/unlocking/legal/with 5 proposals/voter: unlock after voting/Finished/proposal,349800397,907970,13086
Agora/Proposal/validator/unlocking/legal/with 5 proposals/voter/creator: remove vote locks when locked/stake,324232250,837944,9103
Agora/Proposal/validator/unlocking/legal/with 5 proposals/voter/creator: remove vote locks when locked/proposal,418789927,1108723,13137
Agora/Proposal/validator/unlocking/legal/with 10 proposals/voter: retract votes while voting/stake,475866400,1201099,11883
Agora/Proposal/validator/unlocking/legal/with 10 proposals/voter: retract votes while voting/proposal,536596902,1332215,15912
Agora/Proposal/validator/unlocking/legal/with 10 proposals/voter/creator: retract votes while voting/stake,539358580,1382179,12034
Agora/Proposal/validator/unlocking/legal/with 10 proposals/voter/creator: retract votes while voting/proposal,670090472,1722108,16013
Agora/Proposal/validator/unlocking/legal/with 10 proposals/creator: remove creator locks when finished/stake,465483630,1173119,11863
Agora/Proposal/validator/unlocking/legal/with 10 proposals/creator: remove creator locks when finished/proposal,493523172,1241631,15900
Agora/Proposal/validator/unlocking/legal/with 10 proposals/voter/creator: remove all locks when finished/stake,507046120,1291639,12023
Agora/Proposal/validator/unlocking/legal/with 10 proposals/voter/creator: remove all locks when finished/proposal,569158770,1461547,16002
Agora/Proposal/validator/unlocking/legal/with 10 proposals/voter: unlock after voting/Locked/stake,475866400,1201099,11923
Agora/Proposal/validator/unlocking/legal/with 10 proposals/voter: unlock after voting/Locked/proposal,498794773,1258588,15952
Agora/Proposal/validator/unlocking/legal/with 10 proposals/voter: unlock after voting/Finished/stake,475866400,1201099,11923
Agora/Proposal/validator/unlocking/legal/with 10 proposals/voter: unlock after voting/Finished/proposal,499360262,1259790,15952
Agora/Proposal/validator/unlocking/legal/with 10 proposals/voter/creator: remove vote locks when locked/stake,539358580,1382179,12074
Agora/Proposal/validator/unlocking/legal/with 10 proposals/voter/creator: remove vote locks when locked/proposal,632853832,1649683,16053
Agora/Proposal/validator/unlocking/legal/with 42 proposals/voter: retract votes while voting/stake,1649499936,4104747,30405
Agora/Proposal/validator/unlocking/legal/with 42 proposals/voter: retract votes while voting/proposal,1572366662,3709623,34223
Agora/Proposal/validator/unlocking/legal/with 42 proposals/voter/creator: retract votes while voting/stake,1916167092,4865283,31093
Agora/Proposal/validator/unlocking/legal/with 42 proposals/voter/creator: retract votes while voting/proposal,2118686088,5310012,34682
Agora/Proposal/validator/unlocking/legal/with 42 proposals/creator: remove creator locks when finished/stake,1605892302,3987231,30321
Agora/Proposal/validator/unlocking/legal/with 42 proposals/creator: remove creator locks when finished/proposal,1417481444,3403743,34179
Agora/Proposal/validator/unlocking/legal/with 42 proposals/voter/creator: remove all locks when finished/stake,1780454760,4485015,31032
Agora/Proposal/validator/unlocking/legal/with 42 proposals/voter/creator: remove all locks when finished/proposal,1732754834,4318443,34621
Agora/Proposal/validator/unlocking/legal/with 42 proposals/voter: unlock after voting/Locked/stake,1649499936,4104747,30574
Agora/Proposal/validator/unlocking/legal/with 42 proposals/voter: unlock after voting/Locked/proposal,1455977909,3510236,34392
Agora/Proposal/validator/unlocking/legal/with 42 proposals/voter: unlock after voting/Finished/stake,1649499936,4104747,30574
Agora/Proposal/validator/unlocking/legal/with 42 proposals/voter: unlock after voting/Finished/proposal,1456543398,3511438,34392
Agora/Proposal/validator/unlocking/legal/with 42 proposals/voter/creator: remove vote locks when locked/stake,1916167092,4865283,31262
Agora/Proposal/validator/unlocking/legal/with 42 proposals/voter/creator: remove vote locks when locked/proposal,2002862824,5111827,34851
"Agora/Proposal/validator/unlocking/illegal/with 1 proposals/retract votes while not voting/role: Voter , status: Draft/stake",145781968,384448,6706
"Agora/Proposal/validator/unlocking/illegal/with 1 proposals/retract votes while not voting/role: Voter , status: Locked/stake",145781968,384448,6706
"Agora/Proposal/validator/unlocking/illegal/with 1 proposals/retract votes while not voting/role: Voter , status: Finished/stake",145781968,384448,6706
"Agora/Proposal/validator/unlocking/illegal/with 1 proposals/retract votes while not voting/role: Creator , status: Draft/stake",143063273,382844,6708
"Agora/Proposal/validator/unlocking/illegal/with 1 proposals/retract votes while not voting/role: Creator , status: Locked/stake",143063273,382844,6708
"Agora/Proposal/validator/unlocking/illegal/with 1 proposals/retract votes while not voting/role: Creator , status: Finished/stake",143063273,382844,6708
"Agora/Proposal/validator/unlocking/illegal/with 1 proposals/retract votes while not voting/role: Both , status: Draft/stake",152131186,402556,6722
"Agora/Proposal/validator/unlocking/illegal/with 1 proposals/retract votes while not voting/role: Both , status: Locked/stake",152131186,402556,6722
"Agora/Proposal/validator/unlocking/illegal/with 1 proposals/retract votes while not voting/role: Both , status: Finished/stake",152131186,402556,6722
"Agora/Proposal/validator/unlocking/illegal/with 1 proposals/retract votes while not voting/role: Irrelevant , status: Draft/stake",136714055,364736,6688
"Agora/Proposal/validator/unlocking/illegal/with 1 proposals/retract votes while not voting/role: Irrelevant , status: Locked/stake",136714055,364736,6688
"Agora/Proposal/validator/unlocking/illegal/with 1 proposals/retract votes while not voting/role: Irrelevant , status: Finished/stake",136714055,364736,6688
Agora/Proposal/validator/unlocking/illegal/with 1 proposals/unlock an irrelevant stake/status: Draft retract votes: True/stake,136714055,364736,6688
Agora/Proposal/validator/unlocking/illegal/with 1 proposals/unlock an irrelevant stake/status: Draft retract votes: False/stake,136714055,364736,6688
Agora/Proposal/validator/unlocking/illegal/with 1 proposals/unlock an irrelevant stake/status: VotingReady retract votes: True/stake,136714055,364736,6688
Agora/Proposal/validator/unlocking/illegal/with 1 proposals/unlock an irrelevant stake/status: VotingReady retract votes: False/stake,136714055,364736,6688
Agora/Proposal/validator/unlocking/illegal/with 1 proposals/unlock an irrelevant stake/status: Locked retract votes: True/stake,136714055,364736,6688
Agora/Proposal/validator/unlocking/illegal/with 1 proposals/unlock an irrelevant stake/status: Locked retract votes: False/stake,136714055,364736,6688
Agora/Proposal/validator/unlocking/illegal/with 1 proposals/unlock an irrelevant stake/status: Finished retract votes: True/stake,136714055,364736,6688
Agora/Proposal/validator/unlocking/illegal/with 1 proposals/unlock an irrelevant stake/status: Finished retract votes: False/stake,136714055,364736,6688
Agora/Proposal/validator/unlocking/illegal/with 1 proposals/remove creator too early/status: Draft/stake,144743691,381650,6704
Agora/Proposal/validator/unlocking/illegal/with 1 proposals/remove creator too early/status: VotingReady/stake,144743691,381650,6704
Agora/Proposal/validator/unlocking/illegal/with 1 proposals/remove creator too early/status: Locked/stake,144743691,381650,6704
Agora/Proposal/validator/unlocking/illegal/with 1 proposals/creator: retract votes/stake,144743691,381650,6702
"Agora/Proposal/validator/unlocking/illegal/with 5 proposals/retract votes while not voting/role: Voter , status: Draft/stake",292486160,747404,9007
"Agora/Proposal/validator/unlocking/illegal/with 5 proposals/retract votes while not voting/role: Voter , status: Locked/stake",292486160,747404,9007
"Agora/Proposal/validator/unlocking/illegal/with 5 proposals/retract votes while not voting/role: Voter , status: Finished/stake",292486160,747404,9007
"Agora/Proposal/validator/unlocking/illegal/with 5 proposals/retract votes while not voting/role: Creator , status: Draft/stake",288716013,755104,9013
"Agora/Proposal/validator/unlocking/illegal/with 5 proposals/retract votes while not voting/role: Creator , status: Locked/stake",288716013,755104,9013
"Agora/Proposal/validator/unlocking/illegal/with 5 proposals/retract votes while not voting/role: Creator , status: Finished/stake",288716013,755104,9013
"Agora/Proposal/validator/unlocking/illegal/with 5 proposals/retract votes while not voting/role: Both , status: Draft/stake",324232250,837944,9083
"Agora/Proposal/validator/unlocking/illegal/with 5 proposals/retract votes while not voting/role: Both , status: Locked/stake",324232250,837944,9083
"Agora/Proposal/validator/unlocking/illegal/with 5 proposals/retract votes while not voting/role: Both , status: Finished/stake",324232250,837944,9083
"Agora/Proposal/validator/unlocking/illegal/with 5 proposals/retract votes while not voting/role: Irrelevant , status: Draft/stake",256969923,664564,8924
"Agora/Proposal/validator/unlocking/illegal/with 5 proposals/retract votes while not voting/role: Irrelevant , status: Locked/stake",256969923,664564,8924
"Agora/Proposal/validator/unlocking/illegal/with 5 proposals/retract votes while not voting/role: Irrelevant , status: Finished/stake",256969923,664564,8924
Agora/Proposal/validator/unlocking/illegal/with 5 proposals/unlock an irrelevant stake/status: Draft retract votes: True/stake,256969923,664564,8924
Agora/Proposal/validator/unlocking/illegal/with 5 proposals/unlock an irrelevant stake/status: Draft retract votes: False/stake,256969923,664564,8924
Agora/Proposal/validator/unlocking/illegal/with 5 proposals/unlock an irrelevant stake/status: VotingReady retract votes: True/stake,256969923,664564,8924
Agora/Proposal/validator/unlocking/illegal/with 5 proposals/unlock an irrelevant stake/status: VotingReady retract votes: False/stake,256969923,664564,8924
Agora/Proposal/validator/unlocking/illegal/with 5 proposals/unlock an irrelevant stake/status: Locked retract votes: True/stake,256969923,664564,8924
Agora/Proposal/validator/unlocking/illegal/with 5 proposals/unlock an irrelevant stake/status: Locked retract votes: False/stake,256969923,664564,8924
Agora/Proposal/validator/unlocking/illegal/with 5 proposals/unlock an irrelevant stake/status: Finished retract votes: True/stake,256969923,664564,8924
Agora/Proposal/validator/unlocking/illegal/with 5 proposals/unlock an irrelevant stake/status: Finished retract votes: False/stake,256969923,664564,8924
Agora/Proposal/validator/unlocking/illegal/with 5 proposals/remove creator too early/status: Draft/stake,287294775,733414,8997
Agora/Proposal/validator/unlocking/illegal/with 5 proposals/remove creator too early/status: VotingReady/stake,287294775,733414,8997
Agora/Proposal/validator/unlocking/illegal/with 5 proposals/remove creator too early/status: Locked/stake,287294775,733414,8997
Agora/Proposal/validator/unlocking/illegal/with 5 proposals/creator: retract votes/stake,287294775,733414,8986
"Agora/Proposal/validator/unlocking/illegal/with 10 proposals/retract votes while not voting/role: Voter , status: Draft/stake",475866400,1201099,11883
"Agora/Proposal/validator/unlocking/illegal/with 10 proposals/retract votes while not voting/role: Voter , status: Locked/stake",475866400,1201099,11883
"Agora/Proposal/validator/unlocking/illegal/with 10 proposals/retract votes while not voting/role: Voter , status: Finished/stake",475866400,1201099,11883
"Agora/Proposal/validator/unlocking/illegal/with 10 proposals/retract votes while not voting/role: Creator , status: Draft/stake",470781938,1220429,11894
"Agora/Proposal/validator/unlocking/illegal/with 10 proposals/retract votes while not voting/role: Creator , status: Locked/stake",470781938,1220429,11894
"Agora/Proposal/validator/unlocking/illegal/with 10 proposals/retract votes while not voting/role: Creator , status: Finished/stake",470781938,1220429,11894
"Agora/Proposal/validator/unlocking/illegal/with 10 proposals/retract votes while not voting/role: Both , status: Draft/stake",539358580,1382179,12034
"Agora/Proposal/validator/unlocking/illegal/with 10 proposals/retract votes while not voting/role: Both , status: Locked/stake",539358580,1382179,12034
"Agora/Proposal/validator/unlocking/illegal/with 10 proposals/retract votes while not voting/role: Both , status: Finished/stake",539358580,1382179,12034
"Agora/Proposal/validator/unlocking/illegal/with 10 proposals/retract votes while not voting/role: Irrelevant , status: Draft/stake",407289758,1039349,11720
"Agora/Proposal/validator/unlocking/illegal/with 10 proposals/retract votes while not voting/role: Irrelevant , status: Locked/stake",407289758,1039349,11720
"Agora/Proposal/validator/unlocking/illegal/with 10 proposals/retract votes while not voting/role: Irrelevant , status: Finished/stake",407289758,1039349,11720
Agora/Proposal/validator/unlocking/illegal/with 10 proposals/unlock an irrelevant stake/status: Draft retract votes: True/stake,407289758,1039349,11720
Agora/Proposal/validator/unlocking/illegal/with 10 proposals/unlock an irrelevant stake/status: Draft retract votes: False/stake,407289758,1039349,11720
Agora/Proposal/validator/unlocking/illegal/with 10 proposals/unlock an irrelevant stake/status: VotingReady retract votes: True/stake,407289758,1039349,11720
Agora/Proposal/validator/unlocking/illegal/with 10 proposals/unlock an irrelevant stake/status: VotingReady retract votes: False/stake,407289758,1039349,11720
Agora/Proposal/validator/unlocking/illegal/with 10 proposals/unlock an irrelevant stake/status: Locked retract votes: True/stake,407289758,1039349,11720
Agora/Proposal/validator/unlocking/illegal/with 10 proposals/unlock an irrelevant stake/status: Locked retract votes: False/stake,407289758,1039349,11720
Agora/Proposal/validator/unlocking/illegal/with 10 proposals/unlock an irrelevant stake/status: Finished retract votes: True/stake,407289758,1039349,11720
Agora/Proposal/validator/unlocking/illegal/with 10 proposals/unlock an irrelevant stake/status: Finished retract votes: False/stake,407289758,1039349,11720
Agora/Proposal/validator/unlocking/illegal/with 10 proposals/remove creator too early/status: Draft/stake,465483630,1173119,11863
Agora/Proposal/validator/unlocking/illegal/with 10 proposals/remove creator too early/status: VotingReady/stake,465483630,1173119,11863
Agora/Proposal/validator/unlocking/illegal/with 10 proposals/remove creator too early/status: Locked/stake,465483630,1173119,11863
Agora/Proposal/validator/unlocking/illegal/with 10 proposals/creator: retract votes/stake,465483630,1173119,11843
"Agora/Proposal/validator/unlocking/illegal/with 42 proposals/retract votes while not voting/role: Voter , status: Draft/stake",1649499936,4104747,30405
"Agora/Proposal/validator/unlocking/illegal/with 42 proposals/retract votes while not voting/role: Voter , status: Locked/stake",1649499936,4104747,30405
"Agora/Proposal/validator/unlocking/illegal/with 42 proposals/retract votes while not voting/role: Voter , status: Finished/stake",1649499936,4104747,30405
"Agora/Proposal/validator/unlocking/illegal/with 42 proposals/retract votes while not voting/role: Creator , status: Draft/stake",1636003858,4198509,30467
"Agora/Proposal/validator/unlocking/illegal/with 42 proposals/retract votes while not voting/role: Creator , status: Locked/stake",1636003858,4198509,30467
"Agora/Proposal/validator/unlocking/illegal/with 42 proposals/retract votes while not voting/role: Creator , status: Finished/stake",1636003858,4198509,30467
"Agora/Proposal/validator/unlocking/illegal/with 42 proposals/retract votes while not voting/role: Both , status: Draft/stake",1916167092,4865283,31093
"Agora/Proposal/validator/unlocking/illegal/with 42 proposals/retract votes while not voting/role: Both , status: Locked/stake",1916167092,4865283,31093
"Agora/Proposal/validator/unlocking/illegal/with 42 proposals/retract votes while not voting/role: Both , status: Finished/stake",1916167092,4865283,31093
"Agora/Proposal/validator/unlocking/illegal/with 42 proposals/retract votes while not voting/role: Irrelevant , status: Draft/stake",1369336702,3437973,29692
"Agora/Proposal/validator/unlocking/illegal/with 42 proposals/retract votes while not voting/role: Irrelevant , status: Locked/stake",1369336702,3437973,29692
"Agora/Proposal/validator/unlocking/illegal/with 42 proposals/retract votes while not voting/role: Irrelevant , status: Finished/stake",1369336702,3437973,29692
Agora/Proposal/validator/unlocking/illegal/with 42 proposals/unlock an irrelevant stake/status: Draft retract votes: True/stake,1369336702,3437973,29692
Agora/Proposal/validator/unlocking/illegal/with 42 proposals/unlock an irrelevant stake/status: Draft retract votes: False/stake,1369336702,3437973,29692
Agora/Proposal/validator/unlocking/illegal/with 42 proposals/unlock an irrelevant stake/status: VotingReady retract votes: True/stake,1369336702,3437973,29692
Agora/Proposal/validator/unlocking/illegal/with 42 proposals/unlock an irrelevant stake/status: VotingReady retract votes: False/stake,1369336702,3437973,29692
Agora/Proposal/validator/unlocking/illegal/with 42 proposals/unlock an irrelevant stake/status: Locked retract votes: True/stake,1369336702,3437973,29692
Agora/Proposal/validator/unlocking/illegal/with 42 proposals/unlock an irrelevant stake/status: Locked retract votes: False/stake,1369336702,3437973,29692
Agora/Proposal/validator/unlocking/illegal/with 42 proposals/unlock an irrelevant stake/status: Finished retract votes: True/stake,1369336702,3437973,29692
Agora/Proposal/validator/unlocking/illegal/with 42 proposals/unlock an irrelevant stake/status: Finished retract votes: False/stake,1369336702,3437973,29692
Agora/Proposal/validator/unlocking/illegal/with 42 proposals/remove creator too early/status: Draft/stake,1605892302,3987231,30321
Agora/Proposal/validator/unlocking/illegal/with 42 proposals/remove creator too early/status: VotingReady/stake,1605892302,3987231,30321
Agora/Proposal/validator/unlocking/illegal/with 42 proposals/remove creator too early/status: Locked/stake,1605892302,3987231,30321
Agora/Proposal/validator/unlocking/illegal/with 42 proposals/creator: retract votes/stake,1605892302,3987231,30237
Agora/AuthorityToken/singleAuthorityTokenBurned/Correct simple,24929970,68747,726
Agora/AuthorityToken/singleAuthorityTokenBurned/Correct many inputs,47662922,128817,826
Agora/AuthorityToken/singleAuthorityTokenBurned/Correct even though scripts don't match,24929970,68747,725
Agora/Treasury/Validator/Positive/Allows for effect changes,39447993,107460,1427
Agora/Treasury/Validator/Positive/Fails when GAT token name is not script address,39447993,107460,1463
Agora/AuthorityToken/singleAuthorityTokenBurned/Correct simple,24929970,68747,726
Agora/AuthorityToken/singleAuthorityTokenBurned/Correct many inputs,47662922,128817,826
Agora/AuthorityToken/singleAuthorityTokenBurned/Correct even though scripts don't match,24929970,68747,725
Agora/Governor/policy/totally legal,67006732,183600,2631
Agora/Governor/validator/mutate/legal,134508164,357105,9871
